{
  "best_params": {
    "model__C": 1.0
  },
  "best_cv_roc_auc": 0.8475066576945964,
  "generated_at": "2026-02-13T17:07:59.948357"
}