{
  "generated_at": "2026-02-17T19:38:01.632284",
  "model_version": "v1",
  "best_model": "LogisticRegression",
  "cv_metrics": {
    "LogisticRegression": {
      "accuracy": {
        "mean": 0.7525762764755296,
        "std": 0.010989954561343744
      },
      "precision": {
        "mean": 0.5221843892398076,
        "std": 0.014009923026472769
      },
      "recall": {
        "mean": 0.7953177257525084,
        "std": 0.03347156121256671
      },
      "f1": {
        "mean": 0.6302752321399611,
        "std": 0.018491671501614917
      },
      "roc_auc": {
        "mean": 0.8480325731240624,
        "std": 0.011425781958273975
      }
    },
    "RandomForest": {
      "accuracy": {
        "mean": 0.7804411655773592,
        "std": 0.012824625393715676
      },
      "precision": {
        "mean": 0.5679454273979336,
        "std": 0.01842287814062808
      },
      "recall": {
        "mean": 0.7183946488294315,
        "std": 0.03684398489343254
      },
      "f1": {
        "mean": 0.6342845661222432,
        "std": 0.025532503566886695
      },
      "roc_auc": {
        "mean": 0.8452959647115762,
        "std": 0.010280427138952554
      }
    },
    "XGBoost": {
      "accuracy": {
        "mean": 0.7701475647792517,
        "std": 0.011056612013954702
      },
      "precision": {
        "mean": 0.5502992907311248,
        "std": 0.015987295252890273
      },
      "recall": {
        "mean": 0.731772575250836,
        "std": 0.027367588689603727
      },
      "f1": {
        "mean": 0.6281037450234482,
        "std": 0.01925904224816711
      },
      "roc_auc": {
        "mean": 0.8376611415484355,
        "std": 0.010750213435156636
      }
    },
    "NeuralNetwork_MLP": {
      "accuracy": {
        "mean": 0.7987234062672872,
        "std": 0.013323994225107088
      },
      "precision": {
        "mean": 0.6415426068837855,
        "std": 0.027328087556843378
      },
      "recall": {
        "mean": 0.5458193979933109,
        "std": 0.0326596805772139
      },
      "f1": {
        "mean": 0.5897731848418042,
        "std": 0.03060901874081482
      },
      "roc_auc": {
        "mean": 0.8396682432260958,
        "std": 0.010817219703316418
      }
    }
  },
  "holdout_test_metrics": {
    "accuracy": 0.7388218594748048,
    "precision": 0.5051903114186851,
    "recall": 0.7807486631016043,
    "f1": 0.6134453781512605,
    "roc_auc": 0.8454777958614276
  },
  "saved_best_model_path": "src/models/best_model.pkl",
  "saved_inference_pipeline_path": "src/models/inference_pipeline_v1.joblib"
}