{
  "generated_at": "2026-02-16T13:53:06.845740",
  "best_model": "LogisticRegression",
  "cv_metrics": {
    "LogisticRegression": {
      "accuracy": {
        "mean": 0.7520394766911321,
        "std": 0.006789099315146811
      },
      "precision": {
        "mean": 0.5213767671984512,
        "std": 0.008425085408986576
      },
      "recall": {
        "mean": 0.8006688963210703,
        "std": 0.02002224688574683
      },
      "f1": {
        "mean": 0.6314468234390785,
        "std": 0.01057572219417688
      },
      "roc_auc": {
        "mean": 0.848113415337399,
        "std": 0.009157675020644816
      }
    },
    "RandomForest": {
      "accuracy": {
        "mean": 0.7790189455966184,
        "std": 0.013640915307917166
      },
      "precision": {
        "mean": 0.5667545335947011,
        "std": 0.021793826372958416
      },
      "recall": {
        "mean": 0.7137123745819398,
        "std": 0.022643894153592973
      },
      "f1": {
        "mean": 0.6316480602360677,
        "std": 0.02015935959430523
      },
      "roc_auc": {
        "mean": 0.8457350269493256,
        "std": 0.012280183481815855
      }
    },
    "XGBoost": {
      "accuracy": {
        "mean": 0.7664173894130978,
        "std": 0.011398621395023113
      },
      "precision": {
        "mean": 0.5460791266357435,
        "std": 0.017207486598143477
      },
      "recall": {
        "mean": 0.7137123745819398,
        "std": 0.016735780606283338
      },
      "f1": {
        "mean": 0.618644204336245,
        "std": 0.015606447792904935
      },
      "roc_auc": {
        "mean": 0.8362427841152158,
        "std": 0.01405316043158414
      }
    },
    "NeuralNetwork_MLP": {
      "accuracy": {
        "mean": 0.7985437375197202,
        "std": 0.009323902728416822
      },
      "precision": {
        "mean": 0.6506530724907875,
        "std": 0.03079754904317653
      },
      "recall": {
        "mean": 0.5284280936454849,
        "std": 0.06005184130425002
      },
      "f1": {
        "mean": 0.5801917796049099,
        "std": 0.033596063842047455
      },
      "roc_auc": {
        "mean": 0.8433124395300069,
        "std": 0.009632108083057875
      }
    }
  },
  "holdout_test_metrics": {
    "accuracy": 0.7459190915542938,
    "precision": 0.5139372822299652,
    "recall": 0.7887700534759359,
    "f1": 0.6223628691983122,
    "roc_auc": 0.8444831951225812
  }
}