model,roc_auc_mean,f1_mean,recall_mean,precision_mean,accuracy_mean
LogisticRegression,0.8475066576945964,0.6298838118474763,0.7939799331103679,0.5222465145847832,0.7525764340796941
RandomForest,0.8444299628072484,0.6321300340983853,0.7137123745819398,0.5675224301616334,0.7797327348577858
NeuralNetwork_MLP,0.8400626458530424,0.5774353571857317,0.51438127090301,0.6598735845496106,0.8006770674908313
HistGradientBoosting,0.8354748880987042,0.5691429514805316,0.5170568561872909,0.63339473898997,0.792334448645471
