model,roc_auc_mean,f1_mean,recall_mean,precision_mean,accuracy_mean
LogisticRegression,0.848113415337399,0.6314468234390785,0.8006688963210703,0.5213767671984512,0.7520394766911321
RandomForest,0.8457350269493256,0.6316480602360677,0.7137123745819398,0.5667545335947011,0.7790189455966184
NeuralNetwork_MLP,0.8433124395300069,0.5801917796049099,0.5284280936454849,0.6506530724907875,0.7985437375197202
XGBoost,0.8362427841152158,0.618644204336245,0.7137123745819398,0.5460791266357435,0.7664173894130978
