{
    "LogisticRegression": {
        "accuracy": 0.8450724540123071,
        "precision": 0.8429953176599237,
        "recall": 0.8477469090111578,
        "f1": 0.8453533175111845,
        "roc_auc": 0.9209821944597987
    },
    "RandomForest": {
        "accuracy": 0.8788846821524189,
        "precision": 0.8797452061785588,
        "recall": 0.877516681744661,
        "f1": 0.8785929841085988,
        "roc_auc": 0.951790400552666
    },
    "XGBoost": {
        "accuracy": 0.8984172746915,
        "precision": 0.90143278888809,
        "recall": 0.8945480165583793,
        "f1": 0.8979369836044544,
        "roc_auc": 0.9641278475218471
    },
    "NeuralNetwork": {
        "accuracy": 0.8666027447039998,
        "precision": 0.8649833939987325,
        "recall": 0.8684798640239055,
        "f1": 0.8666851516937539,
        "roc_auc": 0.9445302967424176
    },
    "best_model": "XGBoost",
    "best_model_test_metrics": {
        "accuracy": 0.8985207100591716,
        "precision": 0.9085923217550275,
        "recall": 0.8853919239904988,
        "f1": 0.8968421052631579,
        "roc_auc": 0.9640368703222337
    }
}